tenure,MonthlyCharges,TotalCharges,Contract,InternetService,ChurnProbability,RiskLevel,ActualChurn
72,114.05,6196,2,1,0.03807827836504043,Low,0
8,100.15,6340,0,1,0.7752658697993605,High,0
41,78.35,2796,1,0,0.09601160331944297,Low,0
18,78.2,862,0,1,0.27822152440771786,Low,0
72,82.65,4855,2,0,0.03625687382331431,Low,0
21,99.85,1599,0,1,0.5899262284201006,Medium,0
21,99.15,1558,0,1,0.396339154390806,Medium,0
19,24.1,3726,0,2,0.12741186640782878,Low,0
61,19.75,571,2,2,0.008162765226984406,Low,0
17,45.05,5871,0,0,0.2872341942044475,Low,1
70,106.05,5804,0,1,0.2655323161909156,Low,0
72,114.85,6145,2,1,0.05791284974727801,Low,0
49,30.2,839,0,0,0.22742663801388374,Low,0
11,84.8,6337,0,1,0.7572527035213608,High,1
19,48.8,6453,0,0,0.11204324893953486,Low,0
72,84.5,5005,2,1,0.06630550786975628,Low,0
8,19.5,1044,2,2,0.023736277672955757,Low,0
15,91.0,797,0,1,0.5000310779607564,Medium,0
67,105.7,5387,1,1,0.2276531316566028,Low,0
26,35.4,6497,1,0,0.07902457818493329,Low,0
2,74.85,1007,0,1,0.826222170812908,High,1
21,28.5,5081,0,0,0.16358768306585322,Low,0
49,20.05,6376,1,2,0.014058397866184612,Low,0
21,19.8,3037,1,2,0.032393747802833515,Low,0
51,69.15,3151,0,1,0.18522123116800046,Low,0
16,54.55,6112,0,0,0.20638883497449692,Low,0
22,89.25,1506,0,1,0.45281276254065195,Medium,1
13,102.25,650,0,1,0.6862826300765278,High,1
43,25.1,137,2,2,0.027356560730277837,Low,0
3,89.45,2046,0,1,0.8094266182344917,High,1
54,90.05,4183,0,1,0.4363872152064528,Medium,0
1,24.2,2037,0,0,0.43592724210444866,Medium,0
69,20.55,739,1,2,0.024258394184477807,Low,0
62,23.4,793,2,2,0.011992733093257353,Low,0
2,90.4,1169,0,1,0.8326631421208506,High,1
62,96.1,4928,0,1,0.353990061244959,Medium,0
2,44.95,6209,0,0,0.42206071117947874,Medium,1
69,19.9,646,2,2,0.006182826857631857,Low,0
1,74.5,5721,0,1,0.8721979588678893,High,1
31,55.25,1220,0,0,0.14447240077034726,Low,1
69,20.3,645,2,2,0.009657020372982888,Low,0
2,91.45,1209,0,1,0.8540092513167749,High,0
33,70.4,2052,0,1,0.342887473413213,Medium,0
3,19.6,4561,0,2,0.1918667515327991,Low,0
44,65.4,2406,1,0,0.03188824587102024,Low,0
10,110.1,83,0,1,0.37172274123214,Medium,1
8,75.25,4754,0,1,0.669046410896444,High,0
8,66.65,4359,0,0,0.2981408023053718,Low,0
69,20.35,822,1,2,0.024224980110969643,Low,0
23,75.6,1280,0,1,0.377169447493915,Medium,1
66,25.1,1194,2,2,0.012799247783592595,Low,0
1,102.45,36,0,1,0.8470734080078728,High,1
3,19.95,4780,0,2,0.12421823307620622,Low,0
5,51.0,2468,0,0,0.2935142437740591,Low,0
1,51.2,4301,0,0,0.30918515300114097,Medium,0
9,77.65,5599,0,1,0.6184351328693954,High,1
36,63.7,1805,1,0,0.06033892105864327,Low,0
68,85.5,4701,1,1,0.07206300084542597,Low,0
35,40.9,693,1,0,0.10443677063076894,Low,0
60,20.55,375,2,2,0.009772972797634984,Low,0
72,74.55,4511,2,0,0.011253884609158084,Low,0
45,20.4,6398,1,2,0.016089784708246683,Low,1
37,91.2,2826,1,1,0.1789355246166294,Low,0
7,50.7,3039,0,0,0.16264103871827132,Low,0
4,50.7,924,0,0,0.2913722595045385,Low,1
1,54.9,4492,0,0,0.4287955906010739,Medium,1
4,60.4,2360,0,0,0.2553114356672008,Low,1
18,49.55,6280,0,0,0.285845893821673,Low,1
12,74.05,6271,1,0,0.2830996172922687,Low,1
1,80.05,6014,0,1,0.8618264206643735,High,1
72,25.0,1247,2,2,0.007715346402512469,Low,0
42,20.25,6161,2,2,0.0052434280551334365,Low,0
24,76.1,1213,0,1,0.5453936286448313,Medium,1
26,78.95,1669,1,1,0.15806443013121288,Low,0
68,73.0,4336,1,0,0.054239935112413123,Low,0
17,19.9,2807,1,2,0.038174758034321625,Low,0
59,111.1,5239,2,1,0.054559712224203805,Low,0
13,74.4,6315,0,1,0.581989827869764,Medium,1
2,20.45,3588,0,2,0.23543829106183484,Low,0
67,19.65,605,2,2,0.010459631045408606,Low,0
17,20.05,2925,1,2,0.0398485502500516,Low,0
71,80.1,4623,2,0,0.02253213426797033,Low,0
17,98.6,1203,1,1,0.16955787476204529,Low,1
1,89.55,6302,0,1,0.9134524923984284,High,1
6,19.7,6421,1,2,0.022791356265354067,Low,0
61,114.1,5594,0,1,0.3856784033220069,Medium,0
6,73.85,3423,0,1,0.6829514554004068,High,0
1,25.05,2148,0,0,0.5650454156672703,Medium,1
21,102.8,1741,0,1,0.37809576104584025,Medium,1
60,110.8,5287,2,1,0.0917876008338178,Low,0
20,85.8,1233,0,1,0.622839140831774,High,1
22,95.9,1869,0,1,0.3006149000713941,Medium,0
40,20.6,6119,2,2,0.007094981529357494,Low,0
23,74.95,1211,0,1,0.49868988789932206,Medium,1
1,45.95,3826,0,0,0.3776960746250155,Medium,1
46,38.25,1277,2,0,0.019304519652572325,Low,0
5,69.95,2781,0,1,0.42886410012016174,Medium,0
68,20.0,721,2,2,0.014420794040315323,Low,0
1,25.2,2151,0,0,0.648532458136755,High,1
2,20.1,3657,0,2,0.1524922773480094,Low,0
14,104.85,960,0,1,0.6817102053621907,High,1
10,70.0,5726,0,1,0.48864498234342085,Medium,1
13,78.3,72,0,1,0.44026095232971063,Medium,0
34,109.8,3106,0,1,0.4570733420293507,Medium,1
18,57.45,6515,0,0,0.21539030542052529,Low,1
71,19.7,553,2,2,0.006384505930040166,Low,0
70,110.5,5893,2,1,0.08220530775982209,Low,0
52,64.3,2956,1,0,0.0654257110893458,Low,0
68,105.25,5613,2,1,0.0383213812381987,Low,0
38,19.6,5609,0,2,0.025527717975357304,Low,0
58,24.5,896,1,2,0.04391495193738856,Low,0
3,90.7,2009,0,1,0.7500779483828613,High,0
14,48.8,5286,0,0,0.14520944068835567,Low,0
2,24.9,4143,0,0,0.47397573859930275,Medium,0
1,24.8,2044,0,0,0.6237252400619497,High,1
72,107.4,5889,2,1,0.04149069010897174,Low,0
3,43.3,419,0,0,0.43727657210884413,Medium,1
13,80.0,61,0,1,0.4344381797442491,Medium,0
72,104.1,5747,2,1,0.03713709020929004,Low,0
58,20.75,346,2,2,0.013546073555624271,Low,0
71,95.5,5323,2,1,0.04810141526185307,Low,0
1,76.35,5822,0,1,0.7707283986117812,High,1
54,91.3,4201,2,0,0.019905635312293106,Low,0
39,45.05,1330,1,0,0.048029597226410974,Low,0
1,70.6,5513,0,1,0.8188611093537388,High,1
61,80.8,4104,2,0,0.023077525971617104,Low,0
25,89.15,1891,0,1,0.3575081468296921,Medium,1
37,91.2,2935,0,1,0.20643346645377517,Low,0
26,91.25,1994,0,1,0.5916617124489318,Medium,1
10,19.75,1706,0,2,0.12410632402103967,Low,0
1,20.4,1614,0,2,0.25762073696151516,Low,1
24,40.65,6404,0,0,0.47019082569637405,Medium,1
65,110.35,5642,2,1,0.0762154046745998,Low,0
23,64.9,922,1,0,0.16361335505513974,Low,0
49,66.15,2779,2,0,0.033116459752544014,Low,0
42,55.65,2069,0,0,0.18398823643606063,Low,0
8,20.85,1069,2,2,0.034958990457955266,Low,0
28,54.65,935,0,0,0.08481825942554394,Low,0
71,80.6,4710,2,0,0.011625494250824155,Low,0
69,99.45,5523,0,1,0.37092741423771064,Medium,1
68,114.7,5934,2,1,0.03864446176611476,Low,0
64,105.4,5375,2,1,0.08085217127820311,Low,0
3,75.05,1653,0,1,0.6627781300392068,High,0
66,49.4,2831,1,0,0.025964302623108067,Low,0
28,18.25,4461,1,2,0.018332906540024247,Low,0
67,111.05,5679,2,1,0.04116679615659498,Low,0
46,19.6,6215,0,2,0.024352113069676343,Low,0
55,96.75,4391,0,1,0.31508516670580305,Medium,1
22,69.7,884,0,1,0.3553180391013462,Medium,0
18,87.9,908,0,1,0.35955213648604806,Medium,0
46,40.4,1403,2,0,0.019350422906762848,Low,0
10,78.15,5847,0,1,0.5715832012891975,Medium,0
72,99.4,5656,2,1,0.1049636537692381,Low,0
16,55.3,6275,0,0,0.24384456843874933,Low,0
3,77.0,2011,0,1,0.8047612649366719,High,1
21,26.05,4677,0,0,0.243749090143634,Low,0
5,78.75,3628,0,1,0.6584200013580928,High,0
1,29.95,2507,0,0,0.4558515291666493,Medium,1
1,45.4,3818,0,0,0.5404995440057562,Medium,1
36,85.25,2725,0,1,0.5668012901304844,Medium,1
64,104.05,5272,2,1,0.03961037764836276,Low,0
30,74.85,1797,2,0,0.11571127275381572,Low,0
72,19.55,857,2,2,0.005576137008492906,Low,0
46,20.1,6410,2,2,0.005385071567241478,Low,0
45,95.2,3647,2,1,0.09513517258817591,Low,0
2,20.65,3258,0,2,0.18262621260798512,Low,1
34,55.0,1459,1,0,0.03916862272779084,Low,0
54,106.55,4759,1,1,0.14466704924064655,Low,1
21,19.95,3557,0,2,0.1089156425948623,Low,0
65,76.15,4179,2,0,0.016664574739708664,Low,0
20,69.8,979,0,1,0.3534035701130869,Medium,0
1,79.5,5968,0,1,0.8709069949910615,High,1
42,69.4,2657,0,0,0.13046960263157914,Low,0
1,19.4,1482,0,2,0.24985813914995453,Low,1
20,96.55,1502,0,1,0.30195357735877887,Medium,0
11,70.2,5827,0,1,0.3827109558016988,Medium,0
61,25.3,995,2,2,0.013861827791497893,Low,0
64,25.0,1037,2,2,0.013590241676585022,Low,0
25,88.4,1810,0,1,0.37240738190264455,Medium,0
44,50.15,1757,0,0,0.21793516053181905,Low,0
5,69.95,2865,0,1,0.5135974448978545,Medium,1
48,29.9,703,1,0,0.07428652405038808,Low,0
6,74.9,3971,0,1,0.6759946592749875,High,1
4,50.05,1326,0,0,0.28977369881661935,Low,1
72,19.95,588,2,2,0.005853807991917218,Low,0
54,89.4,4111,0,1,0.3131909894256477,Medium,0
66,67.45,3834,0,0,0.06775766646076654,Low,0
3,49.9,546,0,0,0.42275106938856283,Medium,1
19,65.35,423,1,0,0.08835698906892263,Low,0
61,81.0,4209,2,0,0.04067200991237042,Low,0
54,89.8,3947,0,1,0.18989801125057065,Low,0
1,49.95,4148,0,0,0.4071377443793422,Medium,0
19,79.85,871,0,1,0.5644321687118422,Medium,1
24,19.75,4078,2,2,0.012670894216409085,Low,0
33,105.35,2998,0,1,0.5050268905622896,Medium,0
31,83.85,2327,0,1,0.39939215815770507,Medium,0
59,44.3,2320,0,0,0.3307886011401144,Medium,0
20,91.0,1427,1,1,0.4116466074487321,Medium,0
60,99.0,4926,0,1,0.45336195385960876,Medium,0
18,80.55,743,0,1,0.43764506249977053,Medium,0
19,60.6,542,0,0,0.12165191641485731,Low,0
24,19.7,3846,2,2,0.01033419973790133,Low,0
9,20.25,1226,1,2,0.06580858298087289,Low,0
33,24.25,6166,0,2,0.04841595879312533,Low,0
2,19.4,4981,0,2,0.11976092396318709,Low,0
67,93.15,5134,2,1,0.0858255385489857,Low,0
52,49.75,2188,0,0,0.08137353223769092,Low,0
5,19.65,6366,0,2,0.1044602022984329,Low,0
1,19.4,1482,0,2,0.2990092485091416,Low,0
67,19.8,570,2,2,0.014065809771116773,Low,0
63,99.9,5008,1,1,0.15966430723270278,Low,1
2,49.95,134,0,0,0.44025243646549517,Medium,0
25,89.05,1791,1,1,0.32742502268656914,Medium,1
19,19.95,3213,2,2,0.02371538995399521,Low,0
62,56.15,3022,1,0,0.01357646577583152,Low,0
23,34.65,5860,0,0,0.3939765431019504,Medium,0
70,64.95,3850,2,0,0.0049915504417146934,Low,0
29,94.2,2257,0,1,0.4257034242422634,Medium,0
32,78.9,2098,0,1,0.4719778377370717,Medium,1
31,65.25,1605,0,0,0.09199180739328625,Low,1
59,95.8,4678,2,1,0.0702509740132511,Low,0
32,64.85,1640,1,0,0.1387701090051766,Low,0
17,49.8,6162,0,0,0.5635683250339741,Medium,0
26,20.9,4343,0,2,0.06188895048814986,Low,0
12,94.55,324,0,1,0.585420999598374,Medium,0
61,98.45,5015,1,1,0.10546736938889019,Low,0
71,19.6,767,2,2,0.009197080794446949,Low,0
9,20.45,866,0,2,0.2154956030306226,Low,0
24,104.25,2082,0,1,0.6530638147456662,High,1
7,89.15,4739,0,1,0.7660837957989695,High,0
41,111.15,3833,2,1,0.044298991305719286,Low,0
20,90.2,1300,0,1,0.5165113997936164,Medium,1
33,91.25,2560,0,1,0.4272067724919454,Medium,0
56,81.8,3861,2,0,0.034572167300144514,Low,0
1,74.5,5721,0,1,0.8482087674328642,High,1
4,76.05,2763,0,1,0.7553988650834735,High,1
54,111.1,4924,0,1,0.2930598752607084,Low,1
8,68.55,4669,0,0,0.356582854421174,Medium,0
58,45.0,2340,1,0,0.1756675048072628,Low,0
34,100.85,3056,0,1,0.510948339939348,Medium,0
2,30.4,5911,0,0,0.5642882745870668,Medium,1
25,95.9,2100,0,1,0.4337209654454612,Medium,1
68,89.95,4895,2,1,0.08833551564938535,Low,0
71,105.15,5805,2,1,0.09892472556501539,Low,0
1,59.2,4842,0,0,0.49074132796203107,Medium,1
13,98.15,421,0,1,0.4826836436888026,Medium,1
5,84.5,3857,0,1,0.6256904172747668,High,1
22,20.85,3828,1,2,0.029293580325176274,Low,0
10,26.1,1884,2,2,0.03337461014916418,Low,0
55,74.0,3464,0,1,0.4098597562872653,Medium,0
27,20.55,4804,1,2,0.031161064622178727,Low,0
10,18.85,1101,0,2,0.15403036582476845,Low,0
23,20.85,3999,0,2,0.06647030710551796,Low,0
70,84.1,4897,2,0,0.03277430530116974,Low,0
5,46.0,1844,0,0,0.27731519135927124,Low,1
24,19.55,3982,2,2,0.014705819072603862,Low,0
8,20.2,732,1,2,0.10736232413111116,Low,0
19,88.8,1159,0,1,0.2986816294361753,Low,0
43,100.55,3665,1,1,0.27418896610395077,Low,0
67,101.4,5402,0,1,0.4783175799474737,Medium,0
4,55.3,2018,0,0,0.5224542587511137,Medium,0
59,113.75,5241,2,1,0.04361518576784013,Low,0
72,25.4,1212,2,2,0.012331554240778851,Low,0
19,20.0,3234,0,2,0.08986486499124667,Low,0
1,73.5,5666,0,1,0.7306623947555052,High,1
30,51.2,1009,0,0,0.2559715400809467,Low,1
2,74.4,711,0,1,0.6494910283338498,High,1
60,65.85,3360,1,0,0.01668603681124032,Low,0
44,111.5,4165,0,1,0.40564141316876773,Medium,0
1,48.6,4052,0,0,0.49589076717109337,Medium,0
3,29.9,6367,0,0,0.4063801813582356,Medium,0
71,24.85,1499,2,2,0.012139413896609365,Low,0
2,49.2,64,0,0,0.3577618485263592,Medium,0
1,25.85,2159,1,0,0.32758430401579086,Medium,0
72,115.5,6186,2,1,0.04188482100755654,Low,0
6,85.95,4325,0,1,0.6595017693469859,High,0
1,85.55,6212,0,1,0.8785232833648428,High,1
20,89.95,1124,0,1,0.5059172350963617,Medium,0
1,88.35,6282,0,1,0.9107175827236004,High,1
12,20.05,2296,0,2,0.1067968587709673,Low,0
9,24.95,1496,0,0,0.43851513241577134,Medium,0
12,20.1,1863,0,2,0.13204972355646216,Low,0
1,49.9,4147,0,0,0.45764746830546255,Medium,0
17,19.65,3044,1,2,0.05160151343793827,Low,0
12,79.55,6462,0,1,0.5607500487619179,Medium,0
12,106.7,465,0,1,0.6429671423844482,High,1
15,55.7,6320,0,0,0.29685307507976455,Low,1
71,99.0,5497,2,1,0.05489711140750426,Low,0
30,85.0,2271,0,1,0.5654089263383302,Medium,1
33,20.15,5390,1,2,0.02063466359545677,Low,0
1,19.9,1492,0,2,0.2580188540782699,Low,0
62,70.45,3662,0,0,0.2605220213410093,Low,0
72,116.8,6193,2,1,0.04013222072576996,Low,0
30,66.3,1521,0,0,0.07166787988665599,Low,0
3,20.55,4703,1,2,0.0639228785534177,Low,0
28,90.45,2163,1,1,0.2408203685981799,Low,0
30,94.3,2328,0,1,0.37343409752100776,Medium,0
12,19.0,1963,0,2,0.10555563404294567,Low,1
51,24.6,487,1,2,0.059627711881142714,Low,0
15,45.9,5469,1,0,0.08532253756856713,Low,0
72,25.1,1332,2,2,0.012132531327011099,Low,0
32,108.15,2973,0,1,0.3438840655002507,Medium,1
6,74.1,3830,0,1,0.540563090562574,Medium,0
63,70.8,3774,1,0,0.02676609502586321,Low,0
11,95.15,6525,0,1,0.8023890004342171,High,1
19,61.55,185,0,0,0.21644168364107227,Low,0
64,73.05,3966,1,0,0.06186386104922416,Low,0
7,69.45,4036,1,0,0.09205083348072204,Low,0
4,20.05,6346,0,2,0.10577702587534622,Low,0
7,19.95,865,0,2,0.24139809311498964,Low,0
4,90.4,3083,0,1,0.6787112021357699,High,0
3,74.55,1964,0,1,0.6033675202627086,High,0
65,53.5,3050,2,0,0.06172975474653499,Low,0
42,63.7,2401,1,0,0.026073391243476147,Low,0
26,75.0,1507,1,0,0.07140769222461762,Low,0
48,25.05,321,1,2,0.04826493208758387,Low,0
69,99.35,5412,2,1,0.07123190909057554,Low,0
17,44.45,5984,1,0,0.1182769660603065,Low,0
1,21.0,1728,0,2,0.29171337996910135,Low,1
4,76.65,2890,0,1,0.6294443947905624,High,1
34,96.35,2775,0,1,0.4441306680941263,Medium,0
2,70.35,709,0,1,0.5529903771526815,Medium,0
1,50.45,4228,0,0,0.41970435274070644,Medium,1
12,20.3,2111,0,2,0.12701905839792546,Low,0
38,69.5,2272,0,1,0.259875594756515,Low,0
31,80.55,2123,2,0,0.04202164427945686,Low,0
67,108.75,5603,2,1,0.048075126409193994,Low,1
22,88.75,1459,0,1,0.5180307818286106,Medium,0
63,81.2,4202,1,1,0.1314435627891273,Low,0
70,79.6,4627,2,0,0.012864152917462936,Low,0
1,20.45,1615,0,2,0.2540995731724486,Low,0
49,100.45,4189,1,1,0.19968427619635343,Low,1
71,89.45,5177,2,1,0.04572894544899589,Low,0
23,66.25,962,1,0,0.04366203331905247,Low,0
72,90.8,5157,2,0,0.020521704385091637,Low,0
72,71.45,4256,2,0,0.023256054570421285,Low,0
2,69.75,811,0,1,0.5211373758105242,Medium,1
42,59.65,2189,0,0,0.05991631678714552,Low,0
47,19.75,6437,2,2,0.0034097271298343217,Low,0
29,19.85,4465,1,2,0.018022855273980252,Low,0
72,63.8,3963,2,0,0.01843347880527692,Low,0
1,69.55,5447,0,1,0.757203329713658,High,1
40,51.1,1721,0,0,0.12299453867761216,Low,0
1,62.05,5040,0,0,0.5223875075963286,Medium,1
1,85.0,6206,0,1,0.9032328795980248,High,1
70,98.3,5416,2,1,0.05044218626459394,Low,1
49,19.9,45,2,2,0.02105529511477749,Low,0
17,76.65,576,0,1,0.4443245482423593,Medium,1
33,66.4,1880,0,0,0.1990093761877561,Low,0
17,100.45,1093,0,1,0.7049696607660482,High,1
21,75.9,985,1,0,0.1797844343984109,Low,0
35,85.95,2706,1,0,0.13202595097782294,Low,1
12,60.65,5741,1,0,0.23287127710912267,Low,0
9,50.85,3942,0,0,0.23660993888189977,Low,0
72,24.45,1205,2,2,0.007822939252075625,Low,0
18,59.1,25,0,0,0.26044802380943793,Low,0
58,109.1,5155,2,1,0.06369886263259988,Low,0
30,101.3,2570,0,1,0.5032783652988326,Medium,0
56,115.85,5245,2,1,0.038982247009501335,Low,0
10,94.9,93,0,1,0.6112697536807938,High,1
2,35.1,5381,0,0,0.6647402851243864,High,1
18,24.65,3987,2,2,0.028443422123431664,Low,0
51,56.15,2502,1,0,0.13071989575964393,Low,0
60,109.45,5247,0,1,0.2865611037539004,Low,0
24,55.15,581,0,0,0.06942160700010275,Low,0
70,115.65,6000,1,1,0.0841378222111031,Low,1
12,53.75,5201,0,0,0.21065185216920268,Low,0
25,61.6,1071,1,0,0.04904761673954794,Low,0
36,20.35,5476,1,2,0.022433521914524024,Low,0
11,90.6,39,0,1,0.4633602768380304,Medium,0
7,89.75,4970,0,1,0.5035007604040701,Medium,1
26,98.1,2170,0,1,0.6559284476731161,High,0
41,74.25,2680,0,1,0.2527379055695191,Low,0
57,55.0,2691,0,0,0.34188443847474936,Medium,0
28,90.1,2247,1,1,0.27054527002228435,Low,1
10,64.9,5410,1,0,0.11375482797553849,Low,0
41,56.3,2000,1,0,0.09262026635529676,Low,0
22,89.05,1460,0,1,0.3020536286206906,Medium,0
57,112.95,5193,2,1,0.08159195426887732,Low,1
13,19.45,2348,1,2,0.05282894812378145,Low,0
61,100.7,4927,1,1,0.11704775616287949,Low,0
1,20.05,1607,0,2,0.22209772287706878,Low,0
18,19.35,2683,2,2,0.015118728414434651,Low,0
6,87.95,4372,0,1,0.6412414199123583,High,0
7,59.5,3549,0,0,0.3384247926558028,Medium,1
9,55.3,4241,0,0,0.3427912560834584,Medium,0
1,49.25,4138,0,0,0.43713896758213633,Medium,1
9,80.8,5591,0,1,0.6569739188235959,High,1
49,20.45,6329,1,2,0.00998495969314029,Low,0
15,99.1,789,0,1,0.42412072196184536,Medium,1
30,19.55,4969,1,2,0.014309579329787329,Low,0
70,75.65,4501,2,1,0.08239569561421779,Low,0
25,105.5,2337,0,1,0.3488502536454154,Medium,0
49,35.8,1313,1,0,0.051459248315102596,Low,0
18,25.15,4032,0,0,0.23360732702869028,Low,0
25,19.2,4448,0,2,0.07125671204950111,Low,0
23,40.1,6235,2,0,0.022222402457439436,Low,0
67,103.15,5439,2,1,0.026918796500551873,Low,0
35,20.5,5818,2,2,0.004592811693832873,Low,0
1,45.85,3825,0,0,0.5392574614909149,Medium,1
72,114.45,6165,2,1,0.033639555988159875,Low,0
1,20.7,1620,0,2,0.24857065197100592,Low,0
60,80.95,4097,0,1,0.24843268213412634,Low,0
7,59.1,3182,1,0,0.16559757272503906,Low,0
64,19.55,440,2,2,0.010336053389403792,Low,0
15,48.85,5697,0,0,0.17474113343490963,Low,0
2,19.85,3036,1,2,0.0741441666293809,Low,1
13,78.75,6521,0,0,0.541442166149171,Medium,0
26,98.35,2176,0,1,0.6115818874190128,High,1
52,35.45,1561,1,0,0.06528963588965898,Low,0
1,20.2,1610,0,2,0.29597707446260096,Low,1
15,89.85,787,0,1,0.5216437574281747,Medium,1
2,74.9,864,0,1,0.6991666067829762,High,1
31,91.15,2589,0,1,0.4577586474734835,Medium,1
26,75.5,1647,1,1,0.12919194116100627,Low,0
10,29.75,2609,0,0,0.2554247327077589,Low,0
1,20.05,1607,0,2,0.2506636170819858,Low,0
2,79.6,1551,0,1,0.8174717939007535,High,1
2,19.3,2426,1,2,0.0857515093562802,Low,1
13,48.75,5114,0,0,0.5795765343130391,Medium,1
33,74.75,2104,1,0,0.07764335376068095,Low,0
46,91.3,3520,1,1,0.1994314257150308,Low,0
13,49.15,5204,0,0,0.48827520653231093,Medium,0
37,106.75,3467,0,1,0.46108632720470366,Medium,1
61,19.1,273,1,2,0.02151305503753606,Low,0
1,20.8,1622,0,2,0.2570822591957025,Low,0
9,75.85,5195,0,1,0.4517109780303203,Medium,0
3,69.6,1694,0,1,0.6292297008541611,High,0
69,19.9,659,2,2,0.009723703698792906,Low,0
62,20.3,539,2,2,0.007638887093197946,Low,0
20,19.7,3581,2,2,0.020990099686470448,Low,0
61,104.0,5131,1,1,0.14398104978073803,Low,0
4,23.9,6483,1,2,0.07465978855185997,Low,0
63,102.6,5087,2,1,0.10028349494517295,Low,0
50,35.0,1315,0,0,0.16025228760749827,Low,0
1,80.5,6020,0,1,0.8240307408596845,High,1
70,74.1,4374,1,0,0.01807372837244891,Low,0
72,76.8,4540,2,0,0.04701057482734729,Low,0
35,60.55,1590,0,0,0.07787682751364239,Low,0
12,67.25,6147,0,0,0.22349744481926587,Low,0
56,109.8,4988,1,1,0.13708418530653732,Low,0
12,73.75,6270,0,1,0.5628585659805281,Medium,1
36,55.8,1546,1,0,0.0852516067047974,Low,0
40,105.75,3609,1,1,0.19751301777659724,Low,0
3,19.6,4845,0,2,0.16814813050102573,Low,1
40,103.75,3578,1,1,0.310758341504773,Medium,0
67,70.9,3959,2,0,0.010705549218945653,Low,0
67,72.35,4220,1,0,0.03882678815155948,Low,0
7,66.85,3895,0,0,0.49804189021366013,Medium,0
3,90.4,2331,0,1,0.6496154354454542,High,0
42,100.3,3606,0,1,0.4621107741329617,Medium,0
40,26.2,149,0,2,0.1603958372308106,Low,0
53,94.0,4116,1,1,0.15675701226307387,Low,0
3,19.55,4981,0,2,0.10885402263419879,Low,0
9,90.1,6084,0,1,0.7804556318281873,High,0
72,20.1,591,2,2,0.009521364403139675,Low,0
46,85.0,3392,0,1,0.24244056303088674,Low,1
61,24.1,990,2,2,0.0184427489000932,Low,0
54,69.95,3313,2,0,0.008043186927088518,Low,0
11,41.6,3983,1,0,0.31835230050105917,Medium,1
29,19.55,4366,2,2,0.015823777842157858,Low,0
67,111.3,5762,1,1,0.14482494032414406,Low,1
49,97.95,4169,1,1,0.21499818013646319,Low,0
72,100.55,5682,2,1,0.035681537254882524,Low,0
71,87.25,5112,2,0,0.01029229298113649,Low,0
44,74.85,2844,1,0,0.09145260012201424,Low,0
41,60.3,2171,1,0,0.034535433266789047,Low,0
11,58.95,4922,0,0,0.4823844036023088,Medium,0
13,19.3,2416,0,2,0.15858670438156772,Low,0
55,88.8,4060,2,1,0.04906699112125174,Low,0
11,48.55,4240,0,0,0.14593586149662868,Low,1
48,45.55,1738,0,0,0.15714717284334367,Low,0
31,81.7,2201,1,1,0.14475248485348327,Low,0
63,109.2,5544,2,1,0.025262888792636124,Low,0
61,65.2,3389,1,0,0.09957272102178726,Low,0
72,24.25,1318,2,2,0.00813130456072602,Low,0
53,108.25,4870,0,1,0.25379991821014336,Low,0
7,48.2,2946,0,0,0.27531485517464305,Low,0
28,81.05,1859,0,1,0.42013375259936303,Medium,1
16,72.65,362,0,1,0.43233102094452813,Medium,1
7,71.05,3995,0,1,0.5182510399277701,Medium,0
5,64.0,3190,0,0,0.5585260303214485,Medium,0
71,23.9,1147,2,2,0.008471781058704681,Low,0
7,34.5,2415,0,0,0.25005027853899037,Low,1
11,111.4,341,0,1,0.6086562390373549,High,0
52,63.9,2894,2,0,0.02325801594667156,Low,0
49,67.4,2871,2,0,0.007037296248593463,Low,0
19,18.8,2414,1,2,0.04364302251518451,Low,0
2,80.95,1208,0,1,0.782475171654769,High,1
52,95.65,4297,0,1,0.3274664976575533,Medium,0
23,84.25,1571,0,1,0.37959754452920735,Medium,0
8,69.7,4722,0,1,0.5444484051881702,Medium,0
65,103.9,5355,1,1,0.18646761974524234,Low,0
2,55.3,158,0,0,0.4854607391592642,Medium,0
62,23.65,768,2,2,0.013577734506506145,Low,0
3,89.85,2087,0,1,0.7004385297236082,High,0
49,93.65,3849,1,1,0.19814880838939133,Low,0
15,69.0,6520,0,1,0.2745552283044418,Low,1
41,20.25,6250,1,2,0.01308544953291412,Low,0
46,104.45,4107,0,1,0.5469523114729922,Medium,0
56,25.95,824,2,2,0.021371158152635697,Low,0
48,95.4,3771,0,1,0.27621542516318653,Low,0
2,70.7,527,0,1,0.6378099941090333,High,0
72,23.75,1165,2,2,0.007741782842433501,Low,0
45,78.8,3112,1,0,0.06507208173016177,Low,0
37,62.8,1916,2,0,0.01822378838654513,Low,0
61,89.2,4571,0,1,0.31562379158153686,Medium,0
60,20.6,183,2,2,0.012403548270796799,Low,0
2,50.15,285,0,0,0.4028400885932697,Medium,1
63,75.55,3986,2,0,0.008431607937490745,Low,0
4,84.6,3116,0,1,0.8406501966566023,High,1
62,102.0,5222,1,1,0.07322482375240674,Low,1
62,92.05,4751,1,1,0.11147144151875643,Low,0
69,97.65,5343,2,1,0.05080719432836143,Low,0
4,105.65,3765,1,1,0.5415222405570551,Medium,1
49,56.3,2410,1,0,0.14355680983925664,Low,0
51,81.15,3519,1,0,0.0651191055491283,Low,0
26,44.65,295,0,0,0.2756693360028709,Low,0
9,43.75,3463,0,0,0.2966938631203446,Low,0
57,94.7,4541,1,1,0.1125310313874369,Low,0
37,19.5,6041,0,2,0.027735477058400914,Low,0
30,97.0,2623,1,1,0.26831927391499194,Low,0
70,107.9,5761,1,1,0.1668715873880917,Low,0
22,89.4,1629,0,1,0.3733929238977523,Medium,1
39,48.95,1455,0,0,0.1675790740506466,Low,1
33,80.6,2305,0,1,0.4609108280568393,Medium,1
60,116.6,5543,1,1,0.13296351453646338,Low,0
1,19.45,1483,0,2,0.21133787869719783,Low,0
12,58.35,5728,0,0,0.31763476601322044,Medium,0
51,19.95,59,2,2,0.01300257435819151,Low,0
22,80.15,1331,0,1,0.44711254420681046,Medium,0
1,18.8,1342,1,2,0.11005222584730885,Low,0
39,100.0,3282,1,1,0.23857751431134397,Low,0
4,93.5,3128,0,1,0.7224437215369558,High,1
39,80.45,2783,2,1,0.06028787317248812,Low,1
69,84.9,4772,0,1,0.22627040832237166,Low,0
8,64.4,4788,0,0,0.38106129269839456,Medium,0
68,25.05,1100,2,2,0.012060915610935087,Low,0
2,70.75,976,0,1,0.6792740176617822,High,1
24,39.1,6488,0,0,0.2529187689413451,Low,1
42,50.25,1835,0,0,0.2325453669518039,Low,1
59,80.1,3976,1,0,0.12447812083092094,Low,0
1,80.0,6013,0,1,0.7941543651729779,High,1
46,35.05,1089,0,0,0.0913379327823595,Low,0
4,29.65,337,0,0,0.5973933520148115,Medium,1
11,20.45,2162,0,2,0.14671249950550655,Low,0
59,66.4,3382,1,0,0.02791015127122725,Low,0
53,60.6,2860,1,0,0.04522743865954267,Low,0
3,54.2,730,0,0,0.5213800340950002,Medium,0
72,25.25,1401,2,2,0.01519767545417508,Low,0
9,18.95,1415,0,2,0.20365668804130038,Low,1
24,20.8,3970,1,2,0.035090908610963194,Low,0
45,86.1,3303,0,1,0.4561948269604823,Medium,0
49,40.65,1697,0,0,0.15946796240402933,Low,0
61,24.4,769,2,2,0.0168794253354017,Low,0
2,70.3,808,0,1,0.6461268493660437,High,0
5,85.4,3623,0,1,0.656016375731594,High,1
2,42.6,5623,0,0,0.5507616500477879,Medium,1
25,81.75,1660,0,0,0.1428466894113486,Low,0
60,106.15,5166,0,1,0.4667549506421135,Medium,0
51,110.05,4697,1,1,0.08870399872447499,Low,0
2,56.7,251,0,0,0.3485258056002066,Medium,1
62,103.75,5147,1,1,0.2998923944880851,Low,1
52,81.4,3701,1,0,0.07127709172663475,Low,0
68,76.9,4253,1,0,0.06670741354790814,Low,0
22,84.15,1378,0,1,0.5420687865012564,Medium,0
1,25.05,2148,0,0,0.5684605232049984,Medium,1
3,41.15,583,0,0,0.7283714746395787,High,1
16,96.4,1033,0,1,0.7141173570705048,High,1
32,74.4,1914,0,1,0.37993443026533036,Medium,1
50,24.9,363,2,2,0.017248369722252403,Low,0
1,48.75,4053,0,0,0.3994677017462336,Medium,0
6,83.9,4205,0,1,0.5752600318249654,Medium,1
1,50.75,4234,0,0,0.5092221112323463,Medium,1
29,20.2,4620,2,2,0.008102631650370831,Low,0
1,19.3,1481,0,2,0.33217313196782805,Medium,1
58,95.3,4797,0,1,0.31857632686406745,Medium,0
35,76.05,2386,0,0,0.24971924857173114,Low,0
43,19.55,6277,2,2,0.0044229300067780385,Low,0
41,50.05,1661,1,0,0.03467101814303697,Low,0
47,19.3,6306,2,2,0.002756489490509679,Low,0
33,100.0,2884,0,1,0.5554193004157498,Medium,0
67,20.5,799,2,2,0.007578662701549624,Low,0
72,19.4,893,2,2,0.007241557270046276,Low,0
50,54.9,2263,1,0,0.04640830901594843,Low,0
49,49.8,2034,2,0,0.02226573857609263,Low,0
4,74.35,2295,0,1,0.7447763811687358,High,1
61,94.15,4736,0,1,0.156702664823522,Low,0
7,20.65,902,1,2,0.07349064900777325,Low,0
14,90.45,485,0,1,0.5245477136634111,Medium,1
26,73.05,1562,0,0,0.2960895029991643,Low,0
35,70.55,2061,0,1,0.31446679768684205,Medium,0
54,99.1,4518,1,1,0.2252268117455753,Low,0
8,95.65,5901,0,1,0.7081876914936248,High,1
1,71.65,5571,0,1,0.7767459342780385,High,1
67,100.25,5308,1,1,0.08364621130302172,Low,0
24,19.75,4211,2,2,0.008696160909899841,Low,0
64,24.9,1050,1,2,0.028842380091448228,Low,0
34,79.6,2357,0,1,0.430238576625079,Medium,1
8,19.9,958,1,2,0.061803831996288985,Low,0
6,20.2,419,0,2,0.19869620653079154,Low,0
13,99.0,554,0,1,0.6026384077609036,High,1
62,24.25,785,2,2,0.015259301074117396,Low,0
34,100.05,3017,0,1,0.607543492373069,High,1
9,99.3,6364,0,1,0.7600657168168918,High,0
22,20.3,3949,1,2,0.02852275689665142,Low,0
40,55.25,1758,0,0,0.0825744758046996,Low,1
35,100.5,3159,0,1,0.3359738956364582,Medium,1
7,23.5,1236,0,2,0.2250175110478228,Low,0
32,19.8,4824,1,2,0.021872752805074506,Low,0
61,19.75,237,2,2,0.008847774776263853,Low,0
2,20.75,3738,0,2,0.166349982350433,Low,0
56,103.2,4744,2,1,0.07045907873882952,Low,0
65,106.25,5488,1,1,0.30249689188856516,Medium,1
28,49.9,751,0,0,0.18366329524788375,Low,0
18,69.5,368,0,0,0.21366475527063666,Low,0
71,90.55,5061,2,0,0.02119932877344349,Low,0
72,88.6,5047,2,0,0.03554397133346932,Low,0
1,76.45,5824,0,1,0.8968504938229134,High,1
1,19.75,1489,0,2,0.2528083996608587,Low,1
34,20.35,5336,0,2,0.04129866119026757,Low,0
8,87.05,5835,0,1,0.7540166833959109,High,1
47,106.4,4317,0,1,0.5015079245813613,Medium,1
72,24.05,1206,2,2,0.011579387679698903,Low,0
52,25.05,498,2,2,0.02064957057447073,Low,0
3,19.85,5159,0,2,0.11215079044961786,Low,1
60,37.7,1927,2,0,0.010886959553372606,Low,0
3,96.6,2516,0,1,0.8686803838175609,High,1
19,86.0,961,0,1,0.5570881484552042,Medium,1
1,69.9,5454,0,1,0.7591748350619969,High,0
6,105.3,4529,0,1,0.796695681800994,High,1
49,59.6,2567,0,0,0.03244560876144268,Low,0
22,90.5,1511,0,1,0.5005033147790451,Medium,1
42,19.05,5829,1,2,0.014173950123372785,Low,0
46,98.85,3887,0,1,0.5999162470814959,Medium,0
68,39.9,2422,0,0,0.192996630647793,Low,0
2,20.5,3256,1,2,0.058194358324147634,Low,0
0,20.25,0,2,2,0.07743716902761082,Low,0
35,72.25,2224,0,0,0.12617157521113204,Low,1
2,19.5,2346,0,2,0.20157945145995493,Low,0
68,62.65,3714,2,0,0.003810042898122275,Low,0
16,75.4,350,0,1,0.5588440557801281,Medium,0
72,110.9,6109,2,1,0.058733189896435764,Low,0
37,94.3,2996,2,1,0.08614844037496514,Low,0
53,25.55,606,2,2,0.01399172641527677,Low,0
40,83.85,3061,0,1,0.36256840939822227,Medium,0
46,94.15,3753,1,1,0.2461942965027295,Low,0
3,100.95,2858,0,1,0.8693209141351667,High,1
1,75.3,5769,0,1,0.7647604413248562,High,1
7,19.25,229,0,2,0.18509514515548064,Low,1
6,30.5,1708,0,0,0.42269308626736385,Medium,1
46,89.15,3621,0,1,0.3431953861150834,Medium,0
54,70.15,3203,1,0,0.1492157080471056,Low,1
15,79.4,293,0,1,0.5666396051819832,Medium,1
3,85.3,2287,0,1,0.8209571908142148,High,1
70,20.05,656,2,2,0.006428967358707996,Low,0
39,100.55,3336,2,1,0.07879261898761802,Low,0
2,20.0,3254,0,2,0.18675523910084263,Low,0
18,75.6,720,0,1,0.4961731276347147,Medium,0
72,25.1,1324,2,2,0.017655840638608138,Low,0
47,55.3,2302,0,0,0.06775991035043638,Low,0
22,19.9,3418,0,2,0.06521034285574512,Low,0
71,89.9,5188,2,0,0.013953394049506122,Low,0
8,74.85,4721,0,1,0.6624060315566571,High,0
71,19.9,705,2,2,0.005951686636783091,Low,0
53,94.45,4273,1,1,0.11783972713641527,Low,0
37,72.25,2231,0,1,0.39195269428300356,Medium,0
64,70.15,3800,1,0,0.06712115939659398,Low,0
5,48.65,1989,0,0,0.24375836967070896,Low,0
60,104.7,5120,2,1,0.08338163533454798,Low,0
2,50.3,6371,0,0,0.46711531520503674,Medium,0
25,54.2,778,1,0,0.1731752227428678,Low,0
6,19.7,250,0,2,0.17578065860938344,Low,0
60,110.6,5255,2,1,0.05787570410335939,Low,0
30,100.2,2580,0,1,0.5681808968798403,Medium,1
67,49.35,2886,1,0,0.048880733179889106,Low,0
53,24.05,555,1,2,0.038084523210466785,Low,0
10,55.2,4416,0,0,0.14517154289111678,Low,1
1,52.2,4355,0,0,0.4774070190833464,Medium,1
55,54.55,2572,0,0,0.25658174826180424,Low,1
70,84.7,4907,2,0,0.027125024988770903,Low,0
34,50.2,1368,0,0,0.09542803500089606,Low,0
68,110.25,5653,2,1,0.03342368830041582,Low,0
59,109.15,5240,1,1,0.19338371819757696,Low,0
9,74.85,5556,0,1,0.4822315704460104,Medium,0
6,80.5,3927,0,1,0.6497303340005268,High,1
50,103.95,4385,1,1,0.2521476435339589,Low,0
72,92.45,5180,2,0,0.017536254480162307,Low,1
41,53.95,1851,0,0,0.4410205094697059,Medium,0
4,50.8,1652,0,0,0.36109962898566556,Medium,0
47,40.3,1335,1,0,0.037777247122333,Low,0
62,94.95,4776,1,1,0.11060451151293861,Low,0
18,20.45,3090,0,2,0.07889537321638097,Low,0
3,75.85,2216,0,1,0.7900327097346403,High,1
65,25.1,1230,2,2,0.016206280787990857,Low,0
59,85.55,4296,1,1,0.179129035806044,Low,1
60,70.15,3607,1,0,0.042397794667330395,Low,0
10,20.55,1441,0,2,0.21154667580360248,Low,0
7,38.55,2427,2,0,0.04937142266961595,Low,0
28,91.0,2274,0,1,0.2835377769450616,Low,0
29,79.3,2057,0,1,0.45381712941574537,Medium,0
0,19.7,0,1,2,0.25547330808500035,Low,0
37,64.65,1982,1,0,0.06510198928165388,Low,0
45,24.65,267,2,2,0.02488052734535112,Low,0
61,79.8,4163,1,0,0.15977409530268172,Low,0
64,19.45,381,2,2,0.010397339339281624,Low,0
63,91.35,4760,1,1,0.1678888529541423,Low,0
37,76.5,2475,0,1,0.514353136378133,Medium,1
72,24.3,1305,2,2,0.012293733261213196,Low,0
66,89.9,4882,2,0,0.015610370756402807,Low,0
1,95.65,6446,0,1,0.9236934968966638,High,1
9,79.75,5863,0,1,0.6826207807231088,High,0
1,25.35,2154,0,0,0.5133673796237074,Medium,0
4,99.8,3759,0,1,0.8102486815130996,High,1
38,74.95,2476,0,1,0.4728589556212543,Medium,1
44,61.9,2527,0,0,0.0905060228647137,Low,0
22,54.7,333,0,0,0.23062276321457836,Low,0
53,106.95,4771,1,1,0.2272114707009905,Low,1
23,90.45,1745,0,1,0.6217254014760454,High,0
20,18.9,3003,0,2,0.10635113276453846,Low,0
51,24.75,429,2,2,0.019966582268983738,Low,0
62,20.65,400,2,2,0.008237836119923564,Low,0
7,18.95,550,0,2,0.25023461254326235,Low,0
17,83.55,598,0,1,0.4639532428887128,Medium,0
41,70.2,2497,1,0,0.033384515866620286,Low,0
7,94.05,5115,1,1,0.5281362570653537,Medium,0
1,50.05,4224,0,0,0.562634017866689,Medium,0
64,58.35,3227,1,0,0.03226307130114573,Low,0
3,75.5,1826,0,1,0.768430420232354,High,1
50,71.05,2984,0,1,0.3590427820302964,Medium,1
18,56.8,147,0,0,0.21910271247916344,Low,0
13,55.95,5689,0,0,0.24719955677566735,Low,1
69,80.65,4600,2,0,0.009417400993820517,Low,0
1,79.15,5963,0,1,0.8701618300595035,High,0
4,90.65,3165,0,1,0.6560327778215458,High,0
1,53.5,4432,0,0,0.635775105229164,High,1
25,53.65,644,1,0,0.05717905043451853,Low,0
18,55.95,165,0,0,0.20878563323218255,Low,0
48,23.55,323,2,2,0.017930603629668074,Low,0
26,20.65,4877,1,2,0.032810154603368044,Low,0
1,69.1,5440,0,1,0.7546649000696249,High,1
4,57.2,1864,0,0,0.555169607827132,Medium,0
1,20.3,1612,0,2,0.2528145641474533,Low,0
11,74.35,6156,0,1,0.6105999211353739,High,1
4,61.45,1931,0,0,0.28172215021774394,Low,1
8,19.65,1112,0,2,0.18465763221121373,Low,1
6,90.75,4309,0,1,0.7425066085979584,High,0
72,92.0,5283,2,0,0.015872356113283533,Low,0
27,52.85,900,2,0,0.01513218240125212,Low,0
1,71.0,5564,0,1,0.8097630242655529,High,1
17,20.15,3059,1,2,0.04384763828474641,Low,0
66,68.75,3772,2,0,0.006572886196599389,Low,0
53,19.5,98,2,2,0.012699686040708431,Low,0
44,84.8,3135,0,1,0.3083358000133199,Medium,0
52,20.85,142,1,2,0.04016084211672323,Low,0
70,90.05,5119,2,0,0.022703451832507753,Low,0
1,25.75,2157,0,2,0.4484030153100533,Medium,0
61,94.1,4667,2,1,0.06854256599513364,Low,1
19,100.95,1451,1,1,0.324704550999812,Medium,1
11,20.6,1966,1,2,0.05461392722161991,Low,0
26,85.75,1764,0,1,0.42484547622455027,Medium,0
60,19.85,244,2,2,0.010109876275576163,Low,0
1,84.85,6179,0,1,0.8805255695676332,High,1
26,92.4,1985,0,1,0.3839804242471763,Medium,0
24,80.5,1715,0,1,0.5089615520098798,Medium,0
22,100.05,1720,1,1,0.28780313094965304,Low,0
51,98.85,4192,1,1,0.3354667786874671,Medium,0
61,85.55,4398,1,1,0.13265550166626225,Low,0
44,54.3,2029,2,0,0.059051760547549535,Low,0
0,80.85,0,2,0,0.3654484980593248,Medium,0
5,75.65,3406,0,1,0.6092106953497526,High,0
1,78.8,5912,0,1,0.8315333495866799,High,1
26,61.55,1034,1,0,0.06101300949236667,Low,0
15,84.35,556,0,1,0.41963087121630427,Medium,0
4,80.35,2667,0,1,0.7578177518849648,High,1
12,84.6,6464,0,1,0.4556269068911998,Medium,0
1,49.9,4147,0,0,0.40025766768338855,Medium,1
22,57.95,500,0,0,0.09125718052793082,Low,0
49,49.65,2054,2,0,0.05639711206731366,Low,0
13,19.75,2297,2,2,0.022249046361977724,Low,0
66,90.55,5006,1,1,0.10559453418831354,Low,0
62,39.0,1971,2,0,0.03566368888345458,Low,0
66,63.3,3579,2,0,0.026386263957353617,Low,0
3,35.2,160,0,0,0.5806827453056222,Medium,1
63,68.8,3504,1,0,0.017354055037107893,Low,0
15,19.35,2409,2,2,0.01695565954815824,Low,0
43,94.1,3496,0,1,0.3619693299958235,Medium,0
65,109.05,5576,2,1,0.07465582996693777,Low,0
2,85.7,1190,0,1,0.841772713110933,High,1
14,50.1,5562,0,0,0.13346304268674378,Low,0
68,109.05,5780,2,1,0.04520029442919615,Low,0
20,19.6,3082,0,2,0.10726782111156262,Low,0
57,65.2,3177,0,0,0.03798789155118413,Low,0
72,19.8,862,2,2,0.010425598160183805,Low,0
6,84.4,4609,0,1,0.6395327704767939,High,1
53,73.9,3383,2,0,0.03528391232958693,Low,0
57,70.1,3351,1,0,0.05154820050491269,Low,1
1,20.1,1608,0,2,0.33469498393961167,Medium,1
15,49.0,5763,0,0,0.3432295919682816,Medium,0
40,79.2,2812,0,1,0.24658453758919407,Low,1
71,53.95,3328,2,0,0.010648441440696032,Low,0
13,45.3,4417,0,0,0.5555898656679846,Medium,0
72,91.15,5284,2,0,0.026179625268307753,Low,0
52,95.7,4209,1,1,0.18923668046245337,Low,0
63,81.15,4377,1,1,0.09122867208507249,Low,0
29,19.1,4421,1,2,0.022222712910780658,Low,0
29,100.55,2485,0,1,0.47985044406258376,Medium,0
3,20.75,5316,0,2,0.1516040841149244,Low,0
19,20.6,3536,0,2,0.07000919102473643,Low,0
61,99.9,5064,1,1,0.24448362539669422,Low,0
10,54.25,4803,0,0,0.17564645350561328,Low,0
67,109.7,5691,1,1,0.18122414176185264,Low,0
42,19.55,6168,1,2,0.01732641061242705,Low,0
1,75.7,5775,0,1,0.8091523384084749,High,1
5,84.0,3619,0,1,0.800039070610451,High,0
20,19.5,3447,1,2,0.035996099812411,Low,0
1,69.5,5446,0,1,0.7709377241792116,High,1
6,78.95,4188,0,1,0.4550658552451881,Medium,0
34,106.35,3074,0,1,0.5473160171001021,Medium,1
21,19.6,3343,2,2,0.014405884686314256,Low,0
46,108.65,4154,2,1,0.07237994024577485,Low,0
34,97.7,2955,0,1,0.4637227374934224,Medium,0
29,45.0,445,0,0,0.14490452815114527,Low,0
27,80.65,1841,1,1,0.1131010701241678,Low,0
72,89.8,5214,2,0,0.013926830993130815,Low,0
42,54.55,2105,0,0,0.07322712433028812,Low,0
27,78.05,1755,0,1,0.5264796745362554,Medium,1
66,66.1,3763,2,0,0.016788461256717926,Low,0
2,75.55,1144,0,1,0.7923139680413883,High,1
32,96.2,2767,0,1,0.4229474302165829,Medium,1
14,74.95,76,0,1,0.5939664492408278,Medium,1
19,89.95,1177,0,1,0.3250944565723049,Medium,0
48,64.4,2637,1,0,0.03799063867808769,Low,0
4,73.9,2430,0,1,0.6702757942478629,High,1
57,89.85,4178,0,1,0.4418840061065232,Medium,0
58,75.2,3663,1,0,0.06549250155187157,Low,0
56,68.45,3428,1,0,0.043208105030776,Low,0
69,19.75,678,2,2,0.006247108546733001,Low,0
10,53.7,4362,2,0,0.04195801786989632,Low,0
3,80.0,2055,0,1,0.5429207908954237,Medium,0
35,26.2,6454,1,2,0.027646852321341703,Low,0
11,19.25,1346,0,2,0.17541834470440734,Low,1
56,100.55,4580,1,1,0.2353117363741603,Low,0
51,24.95,410,2,2,0.025054659734077108,Low,0
36,90.85,2770,0,1,0.45249332313159313,Medium,1
5,20.45,119,2,2,0.04586533462574237,Low,0
1,20.4,1614,1,2,0.11167281908482285,Low,0
7,74.4,4411,0,1,0.741597107957591,High,1
69,53.65,3262,1,0,0.025405280024387973,Low,0
22,67.5,980,1,0,0.052838110554709605,Low,1
63,24.2,1083,2,2,0.01393245226006346,Low,0
55,75.75,3634,1,0,0.049324133463281454,Low,0
3,57.55,1067,0,0,0.4178597681981859,Medium,0
67,81.35,4485,2,0,0.014841461564688987,Low,0
3,25.25,4784,0,0,0.3608107175763831,Medium,1
1,19.75,1489,0,2,0.2528083996608587,Low,0
16,89.05,831,0,1,0.4938739616694664,Medium,1
62,104.05,5261,2,1,0.07390468680628212,Low,0
8,65.5,4729,0,0,0.278922548591602,Low,0
9,20.1,1496,1,2,0.05552424243229244,Low,0
6,19.5,846,0,2,0.16872213777495887,Low,1
28,59.0,1137,1,0,0.07074791196380624,Low,0
26,19.4,4397,1,2,0.02462384817141221,Low,0
38,101.15,3381,0,1,0.5114478814796154,Medium,0
18,50.3,6351,0,0,0.33897863493086033,Medium,0
3,31.0,6441,0,0,0.3764056752474811,Medium,1
3,25.0,5908,0,0,0.3503123856975887,Medium,0
70,72.95,4408,2,0,0.01835598568650099,Low,0
67,69.35,3939,1,0,0.02163802059465658,Low,0
71,24.35,1138,2,2,0.008623574764281767,Low,0
16,69.1,167,0,0,0.20837383976499643,Low,0
10,65.5,5025,0,0,0.2541103703981851,Low,0
1,90.85,6327,0,1,0.9049732313858412,High,1
12,56.3,5076,0,0,0.3425124384981055,Medium,0
5,53.85,2242,0,0,0.17283413181578644,Low,1
40,99.2,3474,1,1,0.23127628643813475,Low,1
21,64.95,615,0,0,0.20905236799079435,Low,0
9,68.25,4755,0,0,0.21485446062893687,Low,0
7,50.3,3075,0,0,0.24050955341236266,Low,0
38,20.05,5361,1,2,0.01645732009166038,Low,0
1,50.5,4229,0,0,0.5450070517660041,Medium,1
7,74.9,4149,0,1,0.5812668801035114,Medium,0
2,70.95,668,0,1,0.7196910161021045,High,1
56,19.55,161,2,2,0.016769909508513994,Low,0
6,50.35,2729,0,0,0.3503160673062071,Medium,0
63,58.55,3040,1,0,0.04191369892131439,Low,0
64,110.5,5551,2,1,0.07861731135651535,Low,0
29,45.9,601,0,0,0.5102360843893452,Medium,0
32,85.65,2318,0,1,0.4961818785838959,Medium,0
2,84.05,1428,0,1,0.8651920975711087,High,0
60,94.4,4646,1,1,0.20204965905805905,Low,1
22,65.05,792,0,0,0.14167114364437994,Low,0
11,35.65,3622,0,0,0.3044412873027456,Medium,0
57,90.65,4352,1,1,0.1984604831242791,Low,0
1,44.15,3737,0,0,0.52451565492084,Medium,1
62,19.2,236,2,2,0.015219358453056771,Low,0
47,98.75,3859,0,1,0.3404430789442628,Medium,1
61,88.1,4589,2,0,0.018873225753773905,Low,0
3,70.15,1542,0,1,0.6200892439416887,High,0
64,81.05,4321,0,1,0.09077465437396975,Low,0
6,94.05,4344,0,1,0.6933877376273593,High,0
56,20.05,179,2,2,0.0113162555488806,Low,0
27,49.85,607,0,0,0.12102500155669113,Low,0
46,45.55,1687,0,0,0.1653734175072172,Low,0
1,45.1,3812,0,0,0.4661524619286111,Medium,1
11,20.4,1946,2,2,0.02602768057714638,Low,0
32,98.85,2735,0,1,0.5586660585418894,Medium,0
4,77.85,2584,0,1,0.6437928454755235,High,1
24,55.65,734,0,0,0.1925939768612942,Low,1
35,108.95,3443,2,1,0.10013435406803595,Low,0
46,105.2,4075,1,1,0.08775593524688974,Low,1
1,70.0,5501,0,1,0.7259963863320339,High,1
72,110.15,5953,2,1,0.05854910465957102,Low,0
63,103.5,5200,0,1,0.49161498847305246,Medium,0
21,86.5,1355,0,1,0.6100645314395695,High,1
37,40.2,949,1,0,0.0699718703470943,Low,0
55,100.9,4605,1,1,0.154861415136807,Low,0
14,66.6,6499,0,0,0.39633083663285396,Medium,0
53,71.85,3276,0,0,0.09561357420550637,Low,0
50,84.15,3560,1,0,0.10660933219584845,Low,0
38,102.6,3421,0,1,0.5927421574666742,Medium,0
30,99.7,2564,0,1,0.6148870149687636,High,1
28,59.9,1139,1,0,0.043759771727113796,Low,0
46,59.9,2441,1,0,0.16524384417045634,Low,1
67,20.55,625,1,2,0.02255681359349248,Low,0
1,45.95,3826,0,0,0.44419381996419877,Medium,1
50,19.8,30,2,2,0.01616878362909536,Low,0
56,98.0,4412,1,1,0.23078229577064696,Low,0
1,19.95,1493,0,2,0.25448401875165516,Low,0
3,35.1,20,0,0,0.37330965577384034,Medium,0
72,109.55,6086,2,1,0.07492550217167977,Low,0
48,60.35,2498,1,0,0.0316489036291632,Low,1
9,39.55,3212,1,0,0.1270418976095924,Low,0
19,69.6,719,0,0,0.35335493707376653,Medium,0
46,81.0,3290,2,0,0.020584317815150018,Low,0
56,107.25,4936,1,1,0.22576910534459074,Low,0
35,83.15,2462,0,1,0.40122234094095266,Medium,0
25,19.8,4022,2,2,0.010349392822301177,Low,0
21,68.65,888,0,1,0.34947038645643363,Medium,0
71,25.35,1408,2,2,0.008267588430506656,Low,0
1,79.35,5966,0,1,0.8697417005956197,High,1
62,84.5,4349,2,0,0.02765282481006308,Low,0
53,78.75,3369,1,0,0.12455006390254321,Low,0
2,74.9,654,0,1,0.7956550877756376,High,0
72,93.05,5340,2,1,0.030864946081731764,Low,0
24,79.65,1525,0,1,0.5357856997635476,Medium,0
41,55.7,1871,0,0,0.19656037545807645,Low,0
2,94.2,1531,0,1,0.8305691378502705,High,1
2,67.75,299,0,1,0.6298557123825902,High,1
27,95.55,2169,0,1,0.5812934801201961,Medium,1
53,101.9,4601,0,1,0.5460833748421181,Medium,1
34,64.4,1716,1,0,0.05693296003863421,Low,1
1,85.0,6206,0,1,0.8653381637706825,High,0
48,19.55,6287,2,2,0.003359082621054103,Low,0
3,75.05,2215,0,1,0.7947817381260673,High,1
71,64.05,3807,2,0,0.0037254802852602336,Low,0
24,85.95,1737,0,1,0.29133535833842805,Low,0
5,70.05,2621,0,1,0.5606745349450212,Medium,0
8,75.75,4954,0,1,0.7161224215876953,High,1
15,19.8,2685,0,2,0.14532454590524088,Low,0
2,74.7,1128,0,1,0.7287371693897237,High,1
13,25.0,2882,2,2,0.03612081511867236,Low,0
17,85.35,857,0,1,0.4706895591124802,Medium,1
24,58.35,633,1,0,0.0810058827088987,Low,0
50,20.55,138,2,2,0.011659756595146628,Low,0
57,74.35,3673,2,0,0.03355571669319645,Low,0
3,25.3,5868,0,0,0.3722319842499001,Medium,1
37,91.15,2924,0,1,0.4013129538770296,Medium,0
71,25.6,1463,2,2,0.011067928028319067,Low,0
72,66.5,4066,2,0,0.009354221553659019,Low,0
52,25.6,604,2,2,0.013034293960754386,Low,0
4,19.85,5089,0,2,0.1472300070183604,Low,0
9,69.5,5224,0,0,0.2547677649280037,Low,0
7,74.85,4091,0,1,0.7274999924181674,High,0
48,70.1,2815,2,0,0.017423896082344802,Low,0
47,58.6,2366,0,0,0.1570544355432594,Low,0
4,72.75,2754,0,1,0.5918213871689009,Medium,0
47,103.7,4000,1,1,0.1370678870418215,Low,0
24,29.1,5425,0,0,0.21127791306008853,Low,0
1,50.45,4228,0,0,0.5648647043343689,Medium,1
1,44.65,3745,0,0,0.649224718979384,High,1
1,19.25,1480,0,2,0.2097942302571053,Low,0
48,108.1,4285,2,1,0.13190227547438244,Low,0
27,20.1,4654,1,2,0.020265941905388263,Low,0
60,59.85,3020,2,0,0.005828135776108303,Low,0
26,56.05,991,1,0,0.10091017563820677,Low,0
51,19.6,6479,2,2,0.0039018950788152033,Low,0
4,79.0,2634,0,1,0.7390062434822565,High,1
26,66.05,1133,0,0,0.3094609678821132,Medium,0
41,106.5,3643,0,1,0.2756659166843639,Low,0
68,114.9,5931,2,1,0.034838094340687395,Low,0
45,54.65,2211,2,0,0.006986668298155195,Low,0
22,69.5,897,1,0,0.12538903289465736,Low,1
12,79.95,85,0,1,0.5085642153257791,Medium,0
1,43.95,3661,0,0,0.3975609062630696,Medium,0
7,94.1,5527,0,1,0.8012463371113533,High,0
1,20.2,1610,0,2,0.3003196950233874,Medium,1
13,23.9,2597,0,0,0.3676023492384117,Medium,1
51,20.45,82,2,2,0.015201515533893385,Low,0
4,44.8,1188,0,0,0.28906372809728187,Low,0
